
-- Database Backup --
-- Ver. : 1.0.1
-- Host : Server Host
-- Generating Time : Oct 25, 2023 at 02:59:37:AM


CREATE TABLE `bayar` (
  `id_bayar` int(10) NOT NULL AUTO_INCREMENT,
  `id_siswa` int(10) NOT NULL,
  `id_bayar_metode` int(10) NOT NULL,
  `keterangan` text NOT NULL,
  `bukti` varchar(200) NOT NULL,
  `status_vertifikasi` varchar(100) NOT NULL,
  `nominal_bayar` int(17) NOT NULL,
  `tanggal_bayar` date NOT NULL,
  `dibuat_pada` datetime NOT NULL DEFAULT current_timestamp(),
  `diubah_pada` datetime NOT NULL DEFAULT current_timestamp(),
  `dihapus_pada` datetime DEFAULT NULL,
  PRIMARY KEY (`id_bayar`),
  UNIQUE KEY `id_bayar` (`id_bayar`)
) ENGINE=InnoDB AUTO_INCREMENT=21 DEFAULT CHARSET=utf8mb4;

INSERT INTO bayar VALUES
("1","11","1","bca","2023_10-12_05_31_31_0b214a68-3c82-4a6e-bce9-ed03ef4dd353.jpg","sudah vertifikasi","446000","2023-10-12","2023-10-12 10:31:31","2023-10-12 10:31:31",""),
("2","11","1","bca","2023_10-12_05_36_53_0b214a68-3c82-4a6e-bce9-ed03ef4dd353.jpg","sudah vertifikasi","2000000","2023-10-12","2023-10-12 10:36:53","2023-10-12 10:36:53",""),
("3","11","1","bca","2023_10-17_04_47_56_0b214a68-3c82-4a6e-bce9-ed03ef4dd353.jpg","sudah vertifikasi","500000","2023-10-17","2023-10-17 09:47:56","2023-10-17 09:47:56",""),
("4","2","1","bca","2023_10-19_05_28_38_0b214a68-3c82-4a6e-bce9-ed03ef4dd353.jpg","sudah vertifikasi","25000","2023-10-05","2023-10-19 10:28:38","2023-10-19 10:28:38",""),
("5","3","1","bca","2023_10-19_05_31_18_0b214a68-3c82-4a6e-bce9-ed03ef4dd353.jpg","sudah vertifikasi","350000","2023-10-02","2023-10-19 10:31:18","2023-10-19 10:31:18",""),
("6","4","1","bni","2023_10-19_05_32_22_0b214a68-3c82-4a6e-bce9-ed03ef4dd353.jpg","sudah vertifikasi","99999","2023-10-09","2023-10-19 10:32:22","2023-10-19 10:32:22",""),
("7","5","1","bca","2023_10-19_05_33_38_0b214a68-3c82-4a6e-bce9-ed03ef4dd353.jpg","sudah vertifikasi","400000","2023-10-16","2023-10-19 10:33:38","2023-10-19 10:33:38",""),
("8","20","1","bca","2023_10-19_05_34_50_0b214a68-3c82-4a6e-bce9-ed03ef4dd353.jpg","sudah vertifikasi","500000","2023-10-13","2023-10-19 10:34:50","2023-10-19 10:34:50",""),
("9","21","1","btn","2023_10-19_05_35_44_0b214a68-3c82-4a6e-bce9-ed03ef4dd353.jpg","sudah vertifikasi","650000","2023-10-03","2023-10-19 10:35:44","2023-10-19 10:35:44",""),
("10","6","1","bca","2023_10-19_05_36_39_0b214a68-3c82-4a6e-bce9-ed03ef4dd353.jpg","sudah vertifikasi","550000","2023-10-05","2023-10-19 10:36:39","2023-10-19 10:36:39",""),
("11","7","1","bca","2023_10-19_05_37_37_0b214a68-3c82-4a6e-bce9-ed03ef4dd353.jpg","sudah vertifikasi","150000","2023-09-19","2023-10-19 10:37:37","2023-10-19 10:37:37",""),
("12","8","1","bca","2023_10-19_05_38_33_0b214a68-3c82-4a6e-bce9-ed03ef4dd353.jpg","sudah vertifikasi","350000","2023-09-01","2023-10-19 10:38:33","2023-10-19 10:38:33",""),
("13","14","1","btn","2023_10-19_05_39_22_0b214a68-3c82-4a6e-bce9-ed03ef4dd353.jpg","sudah vertifikasi","400000","2023-09-14","2023-10-19 10:39:22","2023-10-19 10:39:22",""),
("14","15","1","bni","2023_10-19_05_40_08_0b214a68-3c82-4a6e-bce9-ed03ef4dd353.jpg","sudah vertifikasi","350000","2023-09-14","2023-10-19 10:40:08","2023-10-19 10:40:08",""),
("15","16","1","bni","2023_10-19_05_40_50_0b214a68-3c82-4a6e-bce9-ed03ef4dd353.jpg","sudah vertifikasi","600000","2023-09-21","2023-10-19 10:40:50","2023-10-19 10:40:50",""),
("16","17","1","bca","2023_10-19_05_41_33_0b214a68-3c82-4a6e-bce9-ed03ef4dd353.jpg","sudah vertifikasi","700000","2023-09-13","2023-10-19 10:41:33","2023-10-19 10:41:33",""),
("17","18","1","btn","2023_10-19_05_42_31_0b214a68-3c82-4a6e-bce9-ed03ef4dd353.jpg","sudah vertifikasi","1000000","2023-09-26","2023-10-19 10:42:31","2023-10-19 10:42:31",""),
("18","19","1","bni","2023_10-19_05_43_32_0b214a68-3c82-4a6e-bce9-ed03ef4dd353.jpg","sudah vertifikasi","250000","2023-09-06","2023-10-19 10:43:32","2023-10-19 10:43:32",""),
("19","2","1","btn","2023_10-19_05_44_31_0b214a68-3c82-4a6e-bce9-ed03ef4dd353.jpg","sudah vertifikasi","500000","2023-09-14","2023-10-19 10:44:31","2023-10-19 10:44:31",""),
("20","6","1","btn","2023_10-19_05_45_17_0b214a68-3c82-4a6e-bce9-ed03ef4dd353.jpg","sudah vertifikasi","800000","2023-09-11","2023-10-19 10:45:17","2023-10-19 10:45:17","");

CREATE TABLE `bayar_alokasi` (
  `id_bayar_alokasi` int(10) NOT NULL AUTO_INCREMENT,
  `id_bayar` int(10) NOT NULL,
  `id_tagihan` int(10) NOT NULL,
  `total_alokasi` int(17) NOT NULL,
  `dialokasikan_oleh` varchar(100) NOT NULL,
  `dibuat_pada` datetime NOT NULL DEFAULT current_timestamp(),
  `diubah_pada` datetime NOT NULL DEFAULT current_timestamp(),
  `dihapus_pada` datetime DEFAULT NULL,
  PRIMARY KEY (`id_bayar_alokasi`)
) ENGINE=InnoDB AUTO_INCREMENT=40 DEFAULT CHARSET=utf8mb4;

INSERT INTO bayar_alokasi VALUES
("1","1","118","446000","Otomatis Oleh Sistem","2023-10-12 10:34:01","2023-10-12 10:34:01",""),
("2","2","119","446000","Otomatis Oleh Sistem","2023-10-12 10:38:33","2023-10-12 10:38:33",""),
("3","2","120","446000","Otomatis Oleh Sistem","2023-10-12 10:38:33","2023-10-12 10:38:33",""),
("4","2","121","1108000","Otomatis Oleh Sistem","2023-10-12 10:38:33","2023-10-12 10:38:33",""),
("5","3","121","500000","Otomatis Oleh Sistem","2023-10-17 09:47:56","2023-10-17 09:47:56",""),
("6","4","1","25000","Otomatis Oleh Sistem","2023-10-19 10:28:38","2023-10-19 10:28:38",""),
("7","5","14","225000","Otomatis Oleh Sistem","2023-10-19 10:31:18","2023-10-19 10:31:18",""),
("8","5","15","125000","Otomatis Oleh Sistem","2023-10-19 10:31:18","2023-10-19 10:31:18",""),
("9","6","27","99999","Otomatis Oleh Sistem","2023-10-19 10:32:22","2023-10-19 10:32:22",""),
("10","7","40","225000","Otomatis Oleh Sistem","2023-10-19 10:33:38","2023-10-19 10:33:38",""),
("11","7","41","175000","Otomatis Oleh Sistem","2023-10-19 10:33:38","2023-10-19 10:33:38",""),
("12","8","209","225000","Otomatis Oleh Sistem","2023-10-19 10:34:50","2023-10-19 10:34:50",""),
("13","8","210","275000","Otomatis Oleh Sistem","2023-10-19 10:34:50","2023-10-19 10:34:50",""),
("14","9","222","225000","Otomatis Oleh Sistem","2023-10-19 10:35:44","2023-10-19 10:35:44",""),
("15","9","223","425000","Otomatis Oleh Sistem","2023-10-19 10:35:44","2023-10-19 10:35:44",""),
("16","10","53","225000","Otomatis Oleh Sistem","2023-10-19 10:36:39","2023-10-19 10:36:39",""),
("17","10","54","325000","Otomatis Oleh Sistem","2023-10-19 10:36:39","2023-10-19 10:36:39",""),
("18","11","66","150000","Otomatis Oleh Sistem","2023-10-19 10:37:37","2023-10-19 10:37:37",""),
("19","12","79","225000","Otomatis Oleh Sistem","2023-10-19 10:38:33","2023-10-19 10:38:33",""),
("20","12","80","125000","Otomatis Oleh Sistem","2023-10-19 10:38:33","2023-10-19 10:38:33",""),
("21","13","131","225000","Otomatis Oleh Sistem","2023-10-19 10:39:22","2023-10-19 10:39:22",""),
("22","13","132","175000","Otomatis Oleh Sistem","2023-10-19 10:39:22","2023-10-19 10:39:22",""),
("23","14","144","225000","Otomatis Oleh Sistem","2023-10-19 10:40:08","2023-10-19 10:40:08",""),
("24","14","145","125000","Otomatis Oleh Sistem","2023-10-19 10:40:08","2023-10-19 10:40:08",""),
("25","15","157","225000","Otomatis Oleh Sistem","2023-10-19 10:40:50","2023-10-19 10:40:50",""),
("26","15","158","375000","Otomatis Oleh Sistem","2023-10-19 10:40:50","2023-10-19 10:40:50",""),
("27","16","170","225000","Otomatis Oleh Sistem","2023-10-19 10:41:33","2023-10-19 10:41:33",""),
("28","16","171","446000","Otomatis Oleh Sistem","2023-10-19 10:41:33","2023-10-19 10:41:33",""),
("29","16","172","29000","Otomatis Oleh Sistem","2023-10-19 10:41:33","2023-10-19 10:41:33",""),
("30","17","183","225000","Otomatis Oleh Sistem","2023-10-19 10:42:31","2023-10-19 10:42:31",""),
("31","17","184","446000","Otomatis Oleh Sistem","2023-10-19 10:42:32","2023-10-19 10:42:32",""),
("32","17","185","329000","Otomatis Oleh Sistem","2023-10-19 10:42:32","2023-10-19 10:42:32",""),
("33","18","196","225000","Otomatis Oleh Sistem","2023-10-19 10:43:32","2023-10-19 10:43:32",""),
("34","18","197","25000","Otomatis Oleh Sistem","2023-10-19 10:43:32","2023-10-19 10:43:32",""),
("35","19","1","200000","Otomatis Oleh Sistem","2023-10-19 10:44:32","2023-10-19 10:44:32",""),
("36","19","2","300000","Otomatis Oleh Sistem","2023-10-19 10:44:32","2023-10-19 10:44:32",""),
("37","20","54","121000","Otomatis Oleh Sistem","2023-10-19 10:45:18","2023-10-19 10:45:18",""),
("38","20","55","446000","Otomatis Oleh Sistem","2023-10-19 10:45:18","2023-10-19 10:45:18",""),
("39","20","56","233000","Otomatis Oleh Sistem","2023-10-19 10:45:18","2023-10-19 10:45:18","");

CREATE TABLE `bayar_metode` (
  `id_bayar_metode` int(10) NOT NULL AUTO_INCREMENT,
  `metode` varchar(100) NOT NULL,
  `nomor_rekening` varchar(100) NOT NULL,
  `dibuat_pada` datetime NOT NULL DEFAULT current_timestamp(),
  `diubah_pada` datetime NOT NULL DEFAULT current_timestamp(),
  `dihapus_pada` datetime DEFAULT NULL,
  PRIMARY KEY (`id_bayar_metode`)
) ENGINE=InnoDB AUTO_INCREMENT=3 DEFAULT CHARSET=utf8mb4;

INSERT INTO bayar_metode VALUES
("1","Transfer ke Bank BTN Rekening SMK Triatmajaya Badung","00555-0130-0000028","2023-09-19 07:51:33","2023-09-19 07:51:33",""),
("2","Transfer ke Bank BTN Rekening OSIS SMK Triatmajaya Badung","00555-0188-0000085","2023-09-19 07:51:33","2023-09-19 07:51:33","");

CREATE TABLE `biaya` (
  `id_biaya` int(10) NOT NULL AUTO_INCREMENT,
  `id_periode` int(10) NOT NULL,
  `deskripsi_biaya` varchar(100) NOT NULL,
  `jumlah_biaya` int(17) NOT NULL,
  `tanggal_jatuh_tempo` date NOT NULL,
  `tingkat` int(2) DEFAULT NULL,
  `id_jurusan` int(10) DEFAULT NULL,
  `dibuat_pada` datetime NOT NULL DEFAULT current_timestamp(),
  `diubah_pada` datetime NOT NULL DEFAULT current_timestamp(),
  `dihapus_pada` datetime DEFAULT NULL,
  PRIMARY KEY (`id_biaya`)
) ENGINE=InnoDB AUTO_INCREMENT=15 DEFAULT CHARSET=utf8mb4;

INSERT INTO biaya VALUES
("1","2","SPP Juli 2023","225000","2023-07-20","12","1","2023-08-29 11:56:00","2023-08-29 11:56:00",""),
("2","2","SPP Agustus 2023","446000","2023-08-20","12","1","2023-08-29 11:58:34","2023-08-29 11:58:34",""),
("3","2","SPP September 2023","446000","2023-09-20","12","1","2023-08-29 12:01:13","2023-08-29 12:01:13",""),
("5","2","Uang Studi Tur","2500000","2023-09-22","12","1","2023-08-30 09:58:36","2023-08-30 09:58:36",""),
("6","2","SPP Oktober 2023","225000","2023-10-20","12","1","2023-08-30 11:43:15","2023-08-30 11:43:15",""),
("7","2","SPP November 2023","446000","2023-11-20","12","1","2023-08-30 11:43:59","2023-08-30 11:43:59",""),
("8","2","SPP Desember 2023","446000","2023-12-20","12","1","2023-08-30 11:44:45","2023-08-30 11:44:45",""),
("9","2","SPP Januari 2024","446000","2024-01-20","12","1","2023-08-30 11:45:45","2023-08-30 11:45:45",""),
("10","2","SPP Februari 2024","446000","2024-02-20","12","1","2023-08-30 11:47:04","2023-08-30 11:47:04",""),
("11","2","SPP Maret 2024","446000","2024-03-20","12","1","2023-08-30 11:49:22","2023-08-30 11:49:22",""),
("12","2","SPP April 2024","446000","2024-04-20","12","1","2023-08-30 11:49:58","2023-08-30 11:49:58",""),
("13","2","SPP Mei 2024","446000","2024-05-20","12","1","2023-08-30 11:50:51","2023-08-30 11:50:51",""),
("14","2","SPP Juni 2024","446000","2024-06-20","12","1","2023-08-30 11:51:22","2023-08-30 11:51:22","");

CREATE TABLE `jurusan` (
  `id_jurusan` int(10) NOT NULL AUTO_INCREMENT,
  `jurusan` varchar(100) NOT NULL,
  `dibuat_pada` datetime NOT NULL DEFAULT current_timestamp(),
  `diubah_pada` datetime NOT NULL DEFAULT current_timestamp(),
  `dihapus_pada` datetime DEFAULT NULL,
  PRIMARY KEY (`id_jurusan`)
) ENGINE=InnoDB AUTO_INCREMENT=5 DEFAULT CHARSET=utf8mb4;

INSERT INTO jurusan VALUES
("1","Pengembangan Perangkat Lunak dan Gim","2023-09-05 07:18:55","2023-09-05 07:18:55",""),
("2","Perhotelan ","2023-09-05 07:18:55","2023-09-05 07:18:55",""),
("3","Tata Boga ","2023-09-05 07:18:55","2023-09-05 07:18:55",""),
("4","Tata Kecantikan ","2023-09-05 07:18:55","2023-09-05 07:18:55","");

CREATE TABLE `periode` (
  `id_periode` int(10) NOT NULL AUTO_INCREMENT,
  `periode` varchar(100) NOT NULL,
  `tanggal_awal` date NOT NULL,
  `tanggal_akhir` date NOT NULL,
  `dibuat_pada` datetime NOT NULL DEFAULT current_timestamp(),
  `diubah_pada` datetime NOT NULL DEFAULT current_timestamp(),
  `dihapus_pada` datetime DEFAULT NULL,
  PRIMARY KEY (`id_periode`)
) ENGINE=InnoDB AUTO_INCREMENT=10 DEFAULT CHARSET=utf8mb4;

INSERT INTO periode VALUES
("1","Tahun Ajar 2022/2023","2022-07-01","2023-06-30","2023-07-26 10:20:12","2023-07-26 10:20:12",""),
("2","Tahun Ajar 2023/2024","2023-07-01","2024-06-30","2023-07-26 12:07:14","2023-07-26 12:07:14",""),
("3","2023","2023-07-26","2023-07-26","2023-07-26 12:08:41","2023-07-26 12:08:41","2023-08-22 10:53:59"),
("6","Tahun Ajar 2024/2025","2024-07-01","2025-06-30","2023-08-23 08:28:54","2023-08-23 08:28:54",""),
("7","Tahun Ajar 2021/2022","2021-07-01","2022-06-30","2023-08-23 08:33:32","2023-08-23 08:33:32",""),
("8","fhfh","2023-08-25","2023-08-30","2023-08-24 10:55:23","2023-08-24 10:55:23","2023-08-29 10:25:13"),
("9","fhfdh","2023-08-31","2023-09-09","2023-08-24 10:59:49","2023-08-24 10:59:49","2023-08-24 12:33:11");

CREATE TABLE `siswa` (
  `id_siswa` int(10) NOT NULL AUTO_INCREMENT,
  `nis` varchar(20) NOT NULL,
  `nama` varchar(200) NOT NULL,
  `kelas` varchar(50) NOT NULL,
  `tingkat` int(2) NOT NULL,
  `id_jurusan` int(10) NOT NULL,
  `alamat` text NOT NULL,
  `no_telp` varchar(20) NOT NULL,
  `email` varchar(50) NOT NULL,
  `dibuat_pada` datetime NOT NULL DEFAULT current_timestamp(),
  `diubah_pada` datetime NOT NULL DEFAULT current_timestamp(),
  `dihapus_pada` datetime DEFAULT NULL,
  PRIMARY KEY (`id_siswa`)
) ENGINE=InnoDB AUTO_INCREMENT=38 DEFAULT CHARSET=utf8mb4;

INSERT INTO siswa VALUES
("2","4950","Aline Syahfitri","12 PPLG","12","1","denpasar","081805594344","alinesyahfitri@gmail.com","2023-08-23 12:37:31","2023-08-23 12:37:31",""),
("3","4951","Bezaliel Cahya yehuda","12 PPLG","12","1","denpasar","085738055323","bezalielcahyayehuda@gmail.com","2023-08-23 12:37:46","2023-08-23 12:37:46",""),
("4","4952","Fibri Wiliama Putri","12 PPLG","12","1","Marga,tabanan","081339682031","fibriwilianaputri@gmail.com","2023-08-23 12:38:17","2023-08-23 12:38:17",""),
("5","4953","Gede Andi Perayoga","12 PPLG","12","1","jalan Raya Anyar kaja 16","087860635630","gedeandiperayoga@gmail.com","2023-09-05 07:04:24","2023-09-05 07:04:24",""),
("6","4954","I Gede Erick Fujianto Lila","12 PPLG","12","1","tegal jaya, dalung","085973912032","igedeerickfujiantolila@gmail.com","2023-09-05 07:24:43","2023-09-05 07:24:43",""),
("7","4955","I Putu Arya Ady Susena","12 PPLG","12","1","legian","089661718111","iputuaryaadysusena@gmail.com","2023-09-05 07:26:35","2023-09-05 07:26:35",""),
("8","4956","Komang Risma Tri Pradnyani","12 PPLG","12","1","dalung","085792958529","komangrismatripradnyani@gmail.com","2023-09-05 07:29:33","2023-09-05 07:29:33",""),
("9","4957","Magdalena Febiayu Kantur","12 PPLG","12","1","abianbase","081246401384","magdalenafebiayukantur@gmail.com","2023-09-05 07:31:10","2023-09-05 07:31:10",""),
("10","4958","Nasywa Ramadhani","12 PPLG","12","1","monang maning ","085857972058","nasywaramadhani@gmail.com","2023-09-05 07:32:32","2023-09-05 07:32:32",""),
("11","4959","Ni Kadek Dwi Swandewi","12 PPLG","12","1","kulibul kawan,desa tibubeneng","087860052445","kadekdwiswandewi2005@gmail.com","2023-09-05 07:34:26","2023-09-05 07:34:26",""),
("14","4960","Ni kadek Nina Antari","12 PPLG","12","1","kapal","08985337373","nikadekninaantari@gmail.com","2023-09-05 10:36:21","2023-09-05 10:36:21",""),
("15","4961","Ni Luh Chelsea Widyadari","12 PPLG","12","1","tibubeneng ","087734632004","niluhchelseawidyadari@gmail.com","2023-09-05 10:43:33","2023-09-05 10:43:33",""),
("16","4962","Ni Luh Putu Diah Martiani","12 PPLG","12","1","Dalung","0895394536866","niluhputudiahmartiani@gmail.com","2023-09-05 10:45:42","2023-09-05 10:45:42",""),
("17","4963","Ni Putu Nia Pradnya Oktaviani","12 PPLG","12","1","tanahlot, tabanan","089508466041","niputuniapradnyaoktaviani@gmail.com","2023-09-05 10:51:42","2023-09-05 10:51:42",""),
("18","4964","Williams Jacobus Felanuel","12 PPLG","12","1","pesona dalung permai IV","081917913625","williamsjacobusfelanuel@gmail.com","2023-09-05 10:54:50","2023-09-05 10:54:50",""),
("19","4965","Zaid Assya Yudah","12 PPLG","12","1","denpasar","085738910245","zaidassyayudah@gmail.com","2023-09-05 10:57:01","2023-09-05 10:57:01",""),
("20","4966","Dewa Made Martha Abimayu","12 PPLG","12","1","abianbase","085738014582","dewamademarthaabimayu@gmail.com","2023-09-05 11:01:19","2023-09-05 11:01:19",""),
("21","4967","Ferrell Fievel Waworuntu","12 PPLG","12","1","jl.pura demak","081239182412","ferrellfievelwaworuntu@gmail.com","2023-09-05 11:03:32","2023-09-05 11:03:32",""),
("22","63783","fg","12 PPLG","12","1","adawd","464","dgew","2023-09-05 11:08:19","2023-09-05 11:08:19","2023-09-05 11:08:28"),
("23","1234","Aditya Prayoga","12 TB","12","3","Canggu,Badung","0878623568012","adityaprayoga@gmail.com","2023-09-12 08:13:37","2023-09-12 08:13:37",""),
("24","2345","Melani Lestari","12 TB","12","3","Dalung","085689064453","melanilestari@gmail.com","2023-09-12 08:15:16","2023-09-12 08:15:16",""),
("25","3456","Sabrina Permatasari","12 TB","12","3","Badung","085673458673","sabrinapermatasari@gmail.com","2023-09-12 08:16:49","2023-09-12 08:16:49",""),
("26","4568","Elsa Aurelia Dewi","12 TB","12","3","Denpasar","0875643975367","elsaaureliadewi@gmail.com","2023-09-12 08:18:07","2023-09-12 08:18:07",""),
("27","5678","Indira Febriyanti","12 TB","12","3","Kerobokan","087567342684","indirafebriyanti@gmail.com","2023-09-12 08:19:25","2023-09-12 08:19:25",""),
("28","6745","Ayu Sukma","12 PH","12","2","Buduk","08756456724739","ayusukma@gmail.com","2023-09-12 08:21:13","2023-09-12 08:21:13",""),
("29","8673","Fadil Dwiputra","12 PH","12","2","Sempidi","08563835342","fadildwiputra@gmail.com","2023-09-12 08:22:44","2023-09-12 08:22:44",""),
("30","6534","Susanti Puji Astuti","12 PH","12","2","Tuban","0875634820358","susantipujiastuti@gmail.com","2023-09-12 08:24:20","2023-09-12 08:24:20",""),
("31","8463","Hendra Pratama","12 PH","12","2","Kuta","085436278262","hendrapratama@gmail.com","2023-09-12 08:25:28","2023-09-12 08:25:28",""),
("32","5373","Alex Adiputra","12 PH","12","2","Tabanan","086436382456","alexadiputra@gmail.com","2023-09-12 08:27:24","2023-09-12 08:27:24",""),
("33","3586","Devi Sintyadewi","12 TKC","12","4","Jimbaran","085732835373","devisintyadewi@gmail.com","2023-09-12 08:29:12","2023-09-12 08:29:12",""),
("34","3482","Indah Dinda Rahayu","12 TKC","12","4","Mengwi","08753743638","indahdindarahayu@gmail.com","2023-09-12 08:31:12","2023-09-12 08:31:12",""),
("35","4582","Jessica Putri","12 TKC","12","4","Panjer","085637385372","jessicaputri@gmail.com","2023-09-12 08:32:42","2023-09-12 08:32:42",""),
("36","4688","Fina Oktaviani","12 TKC","12","4","Renon","087563426772","finaoktaviani@gmail.com","2023-09-12 08:34:11","2023-09-12 08:34:11",""),
("37","4573","Sita Citra Lestari","12 TKC","12","4","Kediri","087436282526","sitacitralestari@gmail.com","2023-09-12 08:36:17","2023-09-12 08:36:17","");

CREATE TABLE `tagihan` (
  `id_tagihan` int(10) NOT NULL AUTO_INCREMENT,
  `id_biaya` int(10) NOT NULL,
  `id_siswa` int(10) NOT NULL,
  `kelas` varchar(50) NOT NULL,
  `keterangan` varchar(200) NOT NULL,
  `potongan` int(20) NOT NULL DEFAULT 0,
  `total_berbayar` int(20) NOT NULL DEFAULT 0,
  `dibuat_pada` datetime NOT NULL DEFAULT current_timestamp(),
  `diubah_pada` datetime NOT NULL DEFAULT current_timestamp(),
  `dihapus_pada` datetime DEFAULT NULL,
  PRIMARY KEY (`id_tagihan`)
) ENGINE=InnoDB AUTO_INCREMENT=235 DEFAULT CHARSET=utf8mb4;

INSERT INTO tagihan VALUES
("1","1","2","12 PPLG","","0","225000","2023-10-12 10:27:27","2023-10-12 10:27:27",""),
("2","2","2","12 PPLG","","0","300000","2023-10-12 10:27:27","2023-10-12 10:27:27",""),
("3","3","2","12 PPLG","","0","0","2023-10-12 10:27:27","2023-10-12 10:27:27",""),
("4","5","2","12 PPLG","","0","0","2023-10-12 10:27:27","2023-10-12 10:27:27",""),
("5","6","2","12 PPLG","","0","0","2023-10-12 10:27:27","2023-10-12 10:27:27",""),
("6","7","2","12 PPLG","","0","0","2023-10-12 10:27:27","2023-10-12 10:27:27",""),
("7","8","2","12 PPLG","","0","0","2023-10-12 10:27:27","2023-10-12 10:27:27",""),
("8","9","2","12 PPLG","","0","0","2023-10-12 10:27:27","2023-10-12 10:27:27",""),
("9","10","2","12 PPLG","","0","0","2023-10-12 10:27:27","2023-10-12 10:27:27",""),
("10","11","2","12 PPLG","","0","0","2023-10-12 10:27:27","2023-10-12 10:27:27",""),
("11","12","2","12 PPLG","","0","0","2023-10-12 10:27:27","2023-10-12 10:27:27",""),
("12","13","2","12 PPLG","","0","0","2023-10-12 10:27:28","2023-10-12 10:27:28",""),
("13","14","2","12 PPLG","","0","0","2023-10-12 10:27:28","2023-10-12 10:27:28",""),
("14","1","3","12 PPLG","","0","225000","2023-10-12 10:27:28","2023-10-12 10:27:28",""),
("15","2","3","12 PPLG","","0","125000","2023-10-12 10:27:28","2023-10-12 10:27:28",""),
("16","3","3","12 PPLG","","0","0","2023-10-12 10:27:28","2023-10-12 10:27:28",""),
("17","5","3","12 PPLG","","0","0","2023-10-12 10:27:28","2023-10-12 10:27:28",""),
("18","6","3","12 PPLG","","0","0","2023-10-12 10:27:28","2023-10-12 10:27:28",""),
("19","7","3","12 PPLG","","0","0","2023-10-12 10:27:28","2023-10-12 10:27:28",""),
("20","8","3","12 PPLG","","0","0","2023-10-12 10:27:28","2023-10-12 10:27:28",""),
("21","9","3","12 PPLG","","0","0","2023-10-12 10:27:28","2023-10-12 10:27:28",""),
("22","10","3","12 PPLG","","0","0","2023-10-12 10:27:28","2023-10-12 10:27:28",""),
("23","11","3","12 PPLG","","0","0","2023-10-12 10:27:29","2023-10-12 10:27:29",""),
("24","12","3","12 PPLG","","0","0","2023-10-12 10:27:29","2023-10-12 10:27:29",""),
("25","13","3","12 PPLG","","0","0","2023-10-12 10:27:29","2023-10-12 10:27:29",""),
("26","14","3","12 PPLG","","0","0","2023-10-12 10:27:29","2023-10-12 10:27:29",""),
("27","1","4","12 PPLG","","0","99999","2023-10-12 10:27:29","2023-10-12 10:27:29",""),
("28","2","4","12 PPLG","","0","0","2023-10-12 10:27:29","2023-10-12 10:27:29",""),
("29","3","4","12 PPLG","","0","0","2023-10-12 10:27:29","2023-10-12 10:27:29",""),
("30","5","4","12 PPLG","","0","0","2023-10-12 10:27:29","2023-10-12 10:27:29",""),
("31","6","4","12 PPLG","","0","0","2023-10-12 10:27:29","2023-10-12 10:27:29",""),
("32","7","4","12 PPLG","","0","0","2023-10-12 10:27:29","2023-10-12 10:27:29",""),
("33","8","4","12 PPLG","","0","0","2023-10-12 10:27:29","2023-10-12 10:27:29",""),
("34","9","4","12 PPLG","","0","0","2023-10-12 10:27:29","2023-10-12 10:27:29",""),
("35","10","4","12 PPLG","","0","0","2023-10-12 10:27:29","2023-10-12 10:27:29",""),
("36","11","4","12 PPLG","","0","0","2023-10-12 10:27:29","2023-10-12 10:27:29",""),
("37","12","4","12 PPLG","","0","0","2023-10-12 10:27:29","2023-10-12 10:27:29",""),
("38","13","4","12 PPLG","","0","0","2023-10-12 10:27:29","2023-10-12 10:27:29",""),
("39","14","4","12 PPLG","","0","0","2023-10-12 10:27:29","2023-10-12 10:27:29",""),
("40","1","5","12 PPLG","","0","225000","2023-10-12 10:27:29","2023-10-12 10:27:29",""),
("41","2","5","12 PPLG","","0","175000","2023-10-12 10:27:29","2023-10-12 10:27:29",""),
("42","3","5","12 PPLG","","0","0","2023-10-12 10:27:29","2023-10-12 10:27:29",""),
("43","5","5","12 PPLG","","0","0","2023-10-12 10:27:29","2023-10-12 10:27:29",""),
("44","6","5","12 PPLG","","0","0","2023-10-12 10:27:29","2023-10-12 10:27:29",""),
("45","7","5","12 PPLG","","0","0","2023-10-12 10:27:29","2023-10-12 10:27:29",""),
("46","8","5","12 PPLG","","0","0","2023-10-12 10:27:29","2023-10-12 10:27:29",""),
("47","9","5","12 PPLG","","0","0","2023-10-12 10:27:29","2023-10-12 10:27:29",""),
("48","10","5","12 PPLG","","0","0","2023-10-12 10:27:29","2023-10-12 10:27:29",""),
("49","11","5","12 PPLG","","0","0","2023-10-12 10:27:29","2023-10-12 10:27:29",""),
("50","12","5","12 PPLG","","0","0","2023-10-12 10:27:30","2023-10-12 10:27:30",""),
("51","13","5","12 PPLG","","0","0","2023-10-12 10:27:30","2023-10-12 10:27:30",""),
("52","14","5","12 PPLG","","0","0","2023-10-12 10:27:30","2023-10-12 10:27:30",""),
("53","1","6","12 PPLG","","0","225000","2023-10-12 10:27:30","2023-10-12 10:27:30",""),
("54","2","6","12 PPLG","","0","446000","2023-10-12 10:27:30","2023-10-12 10:27:30",""),
("55","3","6","12 PPLG","","0","446000","2023-10-12 10:27:30","2023-10-12 10:27:30",""),
("56","5","6","12 PPLG","","0","233000","2023-10-12 10:27:30","2023-10-12 10:27:30",""),
("57","6","6","12 PPLG","","0","0","2023-10-12 10:27:30","2023-10-12 10:27:30",""),
("58","7","6","12 PPLG","","0","0","2023-10-12 10:27:30","2023-10-12 10:27:30",""),
("59","8","6","12 PPLG","","0","0","2023-10-12 10:27:30","2023-10-12 10:27:30",""),
("60","9","6","12 PPLG","","0","0","2023-10-12 10:27:30","2023-10-12 10:27:30",""),
("61","10","6","12 PPLG","","0","0","2023-10-12 10:27:30","2023-10-12 10:27:30",""),
("62","11","6","12 PPLG","","0","0","2023-10-12 10:27:30","2023-10-12 10:27:30",""),
("63","12","6","12 PPLG","","0","0","2023-10-12 10:27:30","2023-10-12 10:27:30",""),
("64","13","6","12 PPLG","","0","0","2023-10-12 10:27:30","2023-10-12 10:27:30",""),
("65","14","6","12 PPLG","","0","0","2023-10-12 10:27:30","2023-10-12 10:27:30",""),
("66","1","7","12 PPLG","","0","150000","2023-10-12 10:27:30","2023-10-12 10:27:30",""),
("67","2","7","12 PPLG","","0","0","2023-10-12 10:27:30","2023-10-12 10:27:30",""),
("68","3","7","12 PPLG","","0","0","2023-10-12 10:27:31","2023-10-12 10:27:31",""),
("69","5","7","12 PPLG","","0","0","2023-10-12 10:27:31","2023-10-12 10:27:31",""),
("70","6","7","12 PPLG","","0","0","2023-10-12 10:27:31","2023-10-12 10:27:31",""),
("71","7","7","12 PPLG","","0","0","2023-10-12 10:27:31","2023-10-12 10:27:31",""),
("72","8","7","12 PPLG","","0","0","2023-10-12 10:27:31","2023-10-12 10:27:31",""),
("73","9","7","12 PPLG","","0","0","2023-10-12 10:27:31","2023-10-12 10:27:31",""),
("74","10","7","12 PPLG","","0","0","2023-10-12 10:27:31","2023-10-12 10:27:31",""),
("75","11","7","12 PPLG","","0","0","2023-10-12 10:27:31","2023-10-12 10:27:31",""),
("76","12","7","12 PPLG","","0","0","2023-10-12 10:27:31","2023-10-12 10:27:31",""),
("77","13","7","12 PPLG","","0","0","2023-10-12 10:27:31","2023-10-12 10:27:31",""),
("78","14","7","12 PPLG","","0","0","2023-10-12 10:27:31","2023-10-12 10:27:31",""),
("79","1","8","12 PPLG","","0","225000","2023-10-12 10:27:31","2023-10-12 10:27:31",""),
("80","2","8","12 PPLG","","0","125000","2023-10-12 10:27:31","2023-10-12 10:27:31",""),
("81","3","8","12 PPLG","","0","0","2023-10-12 10:27:31","2023-10-12 10:27:31",""),
("82","5","8","12 PPLG","","0","0","2023-10-12 10:27:31","2023-10-12 10:27:31",""),
("83","6","8","12 PPLG","","0","0","2023-10-12 10:27:31","2023-10-12 10:27:31",""),
("84","7","8","12 PPLG","","0","0","2023-10-12 10:27:31","2023-10-12 10:27:31",""),
("85","8","8","12 PPLG","","0","0","2023-10-12 10:27:31","2023-10-12 10:27:31",""),
("86","9","8","12 PPLG","","0","0","2023-10-12 10:27:32","2023-10-12 10:27:32",""),
("87","10","8","12 PPLG","","0","0","2023-10-12 10:27:32","2023-10-12 10:27:32",""),
("88","11","8","12 PPLG","","0","0","2023-10-12 10:27:32","2023-10-12 10:27:32",""),
("89","12","8","12 PPLG","","0","0","2023-10-12 10:27:32","2023-10-12 10:27:32",""),
("90","13","8","12 PPLG","","0","0","2023-10-12 10:27:32","2023-10-12 10:27:32",""),
("91","14","8","12 PPLG","","0","0","2023-10-12 10:27:32","2023-10-12 10:27:32",""),
("92","1","9","12 PPLG","","0","0","2023-10-12 10:27:32","2023-10-12 10:27:32",""),
("93","2","9","12 PPLG","","0","0","2023-10-12 10:27:32","2023-10-12 10:27:32",""),
("94","3","9","12 PPLG","","0","0","2023-10-12 10:27:32","2023-10-12 10:27:32",""),
("95","5","9","12 PPLG","","0","0","2023-10-12 10:27:32","2023-10-12 10:27:32",""),
("96","6","9","12 PPLG","","0","0","2023-10-12 10:27:32","2023-10-12 10:27:32",""),
("97","7","9","12 PPLG","","0","0","2023-10-12 10:27:32","2023-10-12 10:27:32",""),
("98","8","9","12 PPLG","","0","0","2023-10-12 10:27:32","2023-10-12 10:27:32",""),
("99","9","9","12 PPLG","","0","0","2023-10-12 10:27:32","2023-10-12 10:27:32",""),
("100","10","9","12 PPLG","","0","0","2023-10-12 10:27:32","2023-10-12 10:27:32","");
INSERT INTO tagihan VALUES
("101","11","9","12 PPLG","","0","0","2023-10-12 10:27:32","2023-10-12 10:27:32",""),
("102","12","9","12 PPLG","","0","0","2023-10-12 10:27:32","2023-10-12 10:27:32",""),
("103","13","9","12 PPLG","","0","0","2023-10-12 10:27:32","2023-10-12 10:27:32",""),
("104","14","9","12 PPLG","","0","0","2023-10-12 10:27:32","2023-10-12 10:27:32",""),
("105","1","10","12 PPLG","","0","0","2023-10-12 10:27:32","2023-10-12 10:27:32",""),
("106","2","10","12 PPLG","","0","0","2023-10-12 10:27:32","2023-10-12 10:27:32",""),
("107","3","10","12 PPLG","","0","0","2023-10-12 10:27:32","2023-10-12 10:27:32",""),
("108","5","10","12 PPLG","","0","0","2023-10-12 10:27:32","2023-10-12 10:27:32",""),
("109","6","10","12 PPLG","","0","0","2023-10-12 10:27:32","2023-10-12 10:27:32",""),
("110","7","10","12 PPLG","","0","0","2023-10-12 10:27:32","2023-10-12 10:27:32",""),
("111","8","10","12 PPLG","","0","0","2023-10-12 10:27:32","2023-10-12 10:27:32",""),
("112","9","10","12 PPLG","","0","0","2023-10-12 10:27:32","2023-10-12 10:27:32",""),
("113","10","10","12 PPLG","","0","0","2023-10-12 10:27:32","2023-10-12 10:27:32",""),
("114","11","10","12 PPLG","","0","0","2023-10-12 10:27:32","2023-10-12 10:27:32",""),
("115","12","10","12 PPLG","","0","0","2023-10-12 10:27:33","2023-10-12 10:27:33",""),
("116","13","10","12 PPLG","","0","0","2023-10-12 10:27:33","2023-10-12 10:27:33",""),
("117","14","10","12 PPLG","","0","0","2023-10-12 10:27:33","2023-10-12 10:27:33",""),
("118","1","11","12 PPLG","","0","446000","2023-10-12 10:27:33","2023-10-12 10:27:33",""),
("119","2","11","12 PPLG","","0","446000","2023-10-12 10:27:33","2023-10-12 10:27:33",""),
("120","3","11","12 PPLG","","0","446000","2023-10-12 10:27:33","2023-10-12 10:27:33",""),
("121","5","11","12 PPLG","","0","1608000","2023-10-12 10:27:33","2023-10-12 10:27:33",""),
("122","6","11","12 PPLG","","0","0","2023-10-12 10:27:33","2023-10-12 10:27:33",""),
("123","7","11","12 PPLG","","0","0","2023-10-12 10:27:33","2023-10-12 10:27:33",""),
("124","8","11","12 PPLG","","0","0","2023-10-12 10:27:33","2023-10-12 10:27:33",""),
("125","9","11","12 PPLG","","0","0","2023-10-12 10:27:33","2023-10-12 10:27:33",""),
("126","10","11","12 PPLG","","0","0","2023-10-12 10:27:33","2023-10-12 10:27:33",""),
("127","11","11","12 PPLG","","0","0","2023-10-12 10:27:33","2023-10-12 10:27:33",""),
("128","12","11","12 PPLG","","0","0","2023-10-12 10:27:33","2023-10-12 10:27:33",""),
("129","13","11","12 PPLG","","0","0","2023-10-12 10:27:33","2023-10-12 10:27:33",""),
("130","14","11","12 PPLG","","0","0","2023-10-12 10:27:33","2023-10-12 10:27:33",""),
("131","1","14","12 PPLG","","0","225000","2023-10-12 10:27:33","2023-10-12 10:27:33",""),
("132","2","14","12 PPLG","","0","175000","2023-10-12 10:27:33","2023-10-12 10:27:33",""),
("133","3","14","12 PPLG","","0","0","2023-10-12 10:27:33","2023-10-12 10:27:33",""),
("134","5","14","12 PPLG","","0","0","2023-10-12 10:27:33","2023-10-12 10:27:33",""),
("135","6","14","12 PPLG","","0","0","2023-10-12 10:27:33","2023-10-12 10:27:33",""),
("136","7","14","12 PPLG","","0","0","2023-10-12 10:27:33","2023-10-12 10:27:33",""),
("137","8","14","12 PPLG","","0","0","2023-10-12 10:27:33","2023-10-12 10:27:33",""),
("138","9","14","12 PPLG","","0","0","2023-10-12 10:27:33","2023-10-12 10:27:33",""),
("139","10","14","12 PPLG","","0","0","2023-10-12 10:27:34","2023-10-12 10:27:34",""),
("140","11","14","12 PPLG","","0","0","2023-10-12 10:27:34","2023-10-12 10:27:34",""),
("141","12","14","12 PPLG","","0","0","2023-10-12 10:27:34","2023-10-12 10:27:34",""),
("142","13","14","12 PPLG","","0","0","2023-10-12 10:27:34","2023-10-12 10:27:34",""),
("143","14","14","12 PPLG","","0","0","2023-10-12 10:27:34","2023-10-12 10:27:34",""),
("144","1","15","12 PPLG","","0","225000","2023-10-12 10:27:34","2023-10-12 10:27:34",""),
("145","2","15","12 PPLG","","0","125000","2023-10-12 10:27:34","2023-10-12 10:27:34",""),
("146","3","15","12 PPLG","","0","0","2023-10-12 10:27:34","2023-10-12 10:27:34",""),
("147","5","15","12 PPLG","","0","0","2023-10-12 10:27:34","2023-10-12 10:27:34",""),
("148","6","15","12 PPLG","","0","0","2023-10-12 10:27:34","2023-10-12 10:27:34",""),
("149","7","15","12 PPLG","","0","0","2023-10-12 10:27:34","2023-10-12 10:27:34",""),
("150","8","15","12 PPLG","","0","0","2023-10-12 10:27:34","2023-10-12 10:27:34",""),
("151","9","15","12 PPLG","","0","0","2023-10-12 10:27:34","2023-10-12 10:27:34",""),
("152","10","15","12 PPLG","","0","0","2023-10-12 10:27:34","2023-10-12 10:27:34",""),
("153","11","15","12 PPLG","","0","0","2023-10-12 10:27:34","2023-10-12 10:27:34",""),
("154","12","15","12 PPLG","","0","0","2023-10-12 10:27:34","2023-10-12 10:27:34",""),
("155","13","15","12 PPLG","","0","0","2023-10-12 10:27:34","2023-10-12 10:27:34",""),
("156","14","15","12 PPLG","","0","0","2023-10-12 10:27:34","2023-10-12 10:27:34",""),
("157","1","16","12 PPLG","","0","225000","2023-10-12 10:27:34","2023-10-12 10:27:34",""),
("158","2","16","12 PPLG","","0","375000","2023-10-12 10:27:34","2023-10-12 10:27:34",""),
("159","3","16","12 PPLG","","0","0","2023-10-12 10:27:34","2023-10-12 10:27:34",""),
("160","5","16","12 PPLG","","0","0","2023-10-12 10:27:34","2023-10-12 10:27:34",""),
("161","6","16","12 PPLG","","0","0","2023-10-12 10:27:34","2023-10-12 10:27:34",""),
("162","7","16","12 PPLG","","0","0","2023-10-12 10:27:34","2023-10-12 10:27:34",""),
("163","8","16","12 PPLG","","0","0","2023-10-12 10:27:34","2023-10-12 10:27:34",""),
("164","9","16","12 PPLG","","0","0","2023-10-12 10:27:34","2023-10-12 10:27:34",""),
("165","10","16","12 PPLG","","0","0","2023-10-12 10:27:34","2023-10-12 10:27:34",""),
("166","11","16","12 PPLG","","0","0","2023-10-12 10:27:34","2023-10-12 10:27:34",""),
("167","12","16","12 PPLG","","0","0","2023-10-12 10:27:34","2023-10-12 10:27:34",""),
("168","13","16","12 PPLG","","0","0","2023-10-12 10:27:34","2023-10-12 10:27:34",""),
("169","14","16","12 PPLG","","0","0","2023-10-12 10:27:34","2023-10-12 10:27:34",""),
("170","1","17","12 PPLG","","0","225000","2023-10-12 10:27:34","2023-10-12 10:27:34",""),
("171","2","17","12 PPLG","","0","446000","2023-10-12 10:27:34","2023-10-12 10:27:34",""),
("172","3","17","12 PPLG","","0","29000","2023-10-12 10:27:34","2023-10-12 10:27:34",""),
("173","5","17","12 PPLG","","0","0","2023-10-12 10:27:34","2023-10-12 10:27:34",""),
("174","6","17","12 PPLG","","0","0","2023-10-12 10:27:35","2023-10-12 10:27:35",""),
("175","7","17","12 PPLG","","0","0","2023-10-12 10:27:35","2023-10-12 10:27:35",""),
("176","8","17","12 PPLG","","0","0","2023-10-12 10:27:35","2023-10-12 10:27:35",""),
("177","9","17","12 PPLG","","0","0","2023-10-12 10:27:35","2023-10-12 10:27:35",""),
("178","10","17","12 PPLG","","0","0","2023-10-12 10:27:35","2023-10-12 10:27:35",""),
("179","11","17","12 PPLG","","0","0","2023-10-12 10:27:35","2023-10-12 10:27:35",""),
("180","12","17","12 PPLG","","0","0","2023-10-12 10:27:35","2023-10-12 10:27:35",""),
("181","13","17","12 PPLG","","0","0","2023-10-12 10:27:35","2023-10-12 10:27:35",""),
("182","14","17","12 PPLG","","0","0","2023-10-12 10:27:35","2023-10-12 10:27:35",""),
("183","1","18","12 PPLG","","0","225000","2023-10-12 10:27:35","2023-10-12 10:27:35",""),
("184","2","18","12 PPLG","","0","446000","2023-10-12 10:27:35","2023-10-12 10:27:35",""),
("185","3","18","12 PPLG","","0","329000","2023-10-12 10:27:35","2023-10-12 10:27:35",""),
("186","5","18","12 PPLG","","0","0","2023-10-12 10:27:35","2023-10-12 10:27:35",""),
("187","6","18","12 PPLG","","0","0","2023-10-12 10:27:35","2023-10-12 10:27:35",""),
("188","7","18","12 PPLG","","0","0","2023-10-12 10:27:35","2023-10-12 10:27:35",""),
("189","8","18","12 PPLG","","0","0","2023-10-12 10:27:35","2023-10-12 10:27:35",""),
("190","9","18","12 PPLG","","0","0","2023-10-12 10:27:35","2023-10-12 10:27:35",""),
("191","10","18","12 PPLG","","0","0","2023-10-12 10:27:35","2023-10-12 10:27:35",""),
("192","11","18","12 PPLG","","0","0","2023-10-12 10:27:35","2023-10-12 10:27:35",""),
("193","12","18","12 PPLG","","0","0","2023-10-12 10:27:35","2023-10-12 10:27:35",""),
("194","13","18","12 PPLG","","0","0","2023-10-12 10:27:35","2023-10-12 10:27:35",""),
("195","14","18","12 PPLG","","0","0","2023-10-12 10:27:35","2023-10-12 10:27:35",""),
("196","1","19","12 PPLG","","0","225000","2023-10-12 10:27:35","2023-10-12 10:27:35",""),
("197","2","19","12 PPLG","","0","25000","2023-10-12 10:27:35","2023-10-12 10:27:35",""),
("198","3","19","12 PPLG","","0","0","2023-10-12 10:27:35","2023-10-12 10:27:35",""),
("199","5","19","12 PPLG","","0","0","2023-10-12 10:27:35","2023-10-12 10:27:35",""),
("200","6","19","12 PPLG","","0","0","2023-10-12 10:27:35","2023-10-12 10:27:35","");
INSERT INTO tagihan VALUES
("201","7","19","12 PPLG","","0","0","2023-10-12 10:27:35","2023-10-12 10:27:35",""),
("202","8","19","12 PPLG","","0","0","2023-10-12 10:27:35","2023-10-12 10:27:35",""),
("203","9","19","12 PPLG","","0","0","2023-10-12 10:27:35","2023-10-12 10:27:35",""),
("204","10","19","12 PPLG","","0","0","2023-10-12 10:27:35","2023-10-12 10:27:35",""),
("205","11","19","12 PPLG","","0","0","2023-10-12 10:27:35","2023-10-12 10:27:35",""),
("206","12","19","12 PPLG","","0","0","2023-10-12 10:27:35","2023-10-12 10:27:35",""),
("207","13","19","12 PPLG","","0","0","2023-10-12 10:27:35","2023-10-12 10:27:35",""),
("208","14","19","12 PPLG","","0","0","2023-10-12 10:27:35","2023-10-12 10:27:35",""),
("209","1","20","12 PPLG","","0","225000","2023-10-12 10:27:36","2023-10-12 10:27:36",""),
("210","2","20","12 PPLG","","0","275000","2023-10-12 10:27:36","2023-10-12 10:27:36",""),
("211","3","20","12 PPLG","","0","0","2023-10-12 10:27:36","2023-10-12 10:27:36",""),
("212","5","20","12 PPLG","","0","0","2023-10-12 10:27:36","2023-10-12 10:27:36",""),
("213","6","20","12 PPLG","","0","0","2023-10-12 10:27:36","2023-10-12 10:27:36",""),
("214","7","20","12 PPLG","","0","0","2023-10-12 10:27:36","2023-10-12 10:27:36",""),
("215","8","20","12 PPLG","","0","0","2023-10-12 10:27:36","2023-10-12 10:27:36",""),
("216","9","20","12 PPLG","","0","0","2023-10-12 10:27:36","2023-10-12 10:27:36",""),
("217","10","20","12 PPLG","","0","0","2023-10-12 10:27:36","2023-10-12 10:27:36",""),
("218","11","20","12 PPLG","","0","0","2023-10-12 10:27:36","2023-10-12 10:27:36",""),
("219","12","20","12 PPLG","","0","0","2023-10-12 10:27:36","2023-10-12 10:27:36",""),
("220","13","20","12 PPLG","","0","0","2023-10-12 10:27:36","2023-10-12 10:27:36",""),
("221","14","20","12 PPLG","","0","0","2023-10-12 10:27:36","2023-10-12 10:27:36",""),
("222","1","21","12 PPLG","","0","225000","2023-10-12 10:27:36","2023-10-12 10:27:36",""),
("223","2","21","12 PPLG","","0","425000","2023-10-12 10:27:36","2023-10-12 10:27:36",""),
("224","3","21","12 PPLG","","0","0","2023-10-12 10:27:36","2023-10-12 10:27:36",""),
("225","5","21","12 PPLG","","0","0","2023-10-12 10:27:36","2023-10-12 10:27:36",""),
("226","6","21","12 PPLG","","0","0","2023-10-12 10:27:36","2023-10-12 10:27:36",""),
("227","7","21","12 PPLG","","0","0","2023-10-12 10:27:36","2023-10-12 10:27:36",""),
("228","8","21","12 PPLG","","0","0","2023-10-12 10:27:36","2023-10-12 10:27:36",""),
("229","9","21","12 PPLG","","0","0","2023-10-12 10:27:36","2023-10-12 10:27:36",""),
("230","10","21","12 PPLG","","0","0","2023-10-12 10:27:36","2023-10-12 10:27:36",""),
("231","11","21","12 PPLG","","0","0","2023-10-12 10:27:36","2023-10-12 10:27:36",""),
("232","12","21","12 PPLG","","0","0","2023-10-12 10:27:37","2023-10-12 10:27:37",""),
("233","13","21","12 PPLG","","0","0","2023-10-12 10:27:37","2023-10-12 10:27:37",""),
("234","14","21","12 PPLG","","0","0","2023-10-12 10:27:37","2023-10-12 10:27:37","");

CREATE TABLE `user` (
  `id_user` int(10) NOT NULL AUTO_INCREMENT,
  `nama` varchar(200) NOT NULL,
  `username` varchar(200) NOT NULL,
  `password` varchar(200) NOT NULL,
  `hak_akses` int(1) NOT NULL,
  `dibuat_pada` datetime DEFAULT current_timestamp(),
  `diubah_pada` datetime NOT NULL DEFAULT current_timestamp(),
  `dihapus_pada` datetime DEFAULT NULL,
  PRIMARY KEY (`id_user`)
) ENGINE=InnoDB AUTO_INCREMENT=5 DEFAULT CHARSET=utf8mb4;

INSERT INTO user VALUES
("4","kpo","jk","kop","2","2023-08-24 09:16:32","2023-08-24 09:16:32","");